{
  "strategies": {
    "ALL": {
      "total_samples": 733,
      "retention_rate": 1.0,
      "agreement": {
        "overall": 54.979536152796726,
        "by_language": {
          "EN": 48.63636363636364,
          "DE": 58.333333333333336,
          "UA": 56.8075117370892
        }
      },
      "fleiss_kappa": {
        "overall": 0.24518723572945858,
        "by_language": {
          "EN": 0.18521658311919265,
          "DE": 0.25123809221467114,
          "UA": 0.2593966593640173
        }
      },
      "cohen_kappa": {
        "overall": 0.3625247068124918,
        "by_language": {
          "EN": 0.2905656069859027,
          "DE": 0.38103490963109676,
          "UA": 0.3599425137183173
        }
      }
    },
    "TIES": {
      "total_samples": 613,
      "retention_rate": 0.8362892223738063,
      "agreement": {
        "overall": 62.15334420880914,
        "by_language": {
          "EN": 56.666666666666664,
          "DE": 63.52941176470588,
          "UA": 65.73033707865169
        }
      },
      "fleiss_kappa": {
        "overall": 0.3176166096131828,
        "by_language": {
          "EN": 0.2826127667012073,
          "DE": 0.2975006369755439,
          "UA": 0.3534236756025967
        }
      },
      "cohen_kappa": {
        "overall": 0.43466369852122755,
        "by_language": {
          "EN": 0.36958376363881285,
          "DE": 0.4144733593402794,
          "UA": 0.45142221997675935
        }
      }
    },
    "STRICT": {
      "total_samples": 295,
      "retention_rate": 0.4024556616643929,
      "agreement": {
        "overall": 77.96610169491525,
        "by_language": {
          "EN": 83.33333333333334,
          "DE": 74.4186046511628,
          "UA": 82.71604938271605
        }
      },
      "fleiss_kappa": {
        "overall": 0.4414655502799839,
        "by_language": {
          "EN": 1.0,
          "DE": 0.3561117395093549,
          "UA": 0.46831008970077936
        }
      },
      "cohen_kappa": {
        "overall": 0.666190832651498,
        "by_language": {
          "EN": 0.7461139896373057,
          "DE": 0.5830073282274506,
          "UA": 0.7225348666503548
        }
      }
    }
  },
  "total_original_samples": 733
}